ID,Nome,Descrição
4,"Produto 4","Produto de teste"
5,"Produto 5","Produto de teste amostra"
6,"Produto 6","Produto de teste Sales"
4,"Produto 4","Produto de teste"
5,"Produto 5","Produto de teste amostra"
6,"Produto 6","Produto de teste Sales"
4,"Produto 4","Produto de teste"
5,"Produto 5","Produto de teste amostra"
6,"Produto 6","Produto de teste Sales"
4,"Produto 4","Produto de teste"
5,"Produto 5","Produto de teste amostra"
6,"Produto 6","Produto de teste Sales"
4,"Produto 4","Produto de teste"
5,"Produto 5","Produto de teste amostra"
6,"Produto 6","Produto de teste Sales"
4,"Produto 4","Produto de teste"
5,"Produto 5","Produto de teste amostra"
6,"Produto 6","Produto de teste Sales"
4,"Produto 4","Produto de teste"
5,"Produto 5","Produto de teste amostra"
6,"Produto 6","Produto de teste Sales"
4,"Produto 4","Produto de teste"
5,"Produto 5","Produto de teste amostra"
6,"Produto 6","Produto de teste Sales"
